2.264300e-05,1.222500e-05,2.033100e-05,8.300000e-08,16,1,1
2.347500e-05,1.242400e-05,2.788700e-05,1.840000e-07,64,1,1
2.492500e-05,1.240300e-05,3.590900e-05,3.050000e-07,128,1,1
6.260950e-04,1.280900e-05,3.227980e-04,1.166000e-06,512,1,1
2.460400e-05,1.358000e-05,1.595330e-04,2.318000e-06,1024,1,1
3.061400e-05,1.645600e-05,3.344270e-04,5.503000e-06,2048,1,1
3.487000e-05,2.100200e-05,6.589480e-04,1.185200e-05,4096,1,1
9.293200e-05,8.391900e-05,5.087357e-03,1.074150e-04,32768,1,1
5.101450e-04,6.905000e-04,4.582630e-02,8.624390e-04,262144,1,1
1.498741e-03,1.888921e-03,1.710658e-01,3.608417e-03,1048576,1,1
2.861232e-03,3.798485e-03,2.340186e-01,7.119424e-03,2097152,1,1
5.551218e-03,7.025208e-03,4.010347e-01,1.464303e-02,4194304,1,1
1.075017e-02,1.389877e-02,8.026809e-01,2.895571e-02,8388608,1,1
2.137017e-02,2.763254e-02,1.604945e+00,5.624516e-02,16777216,1,1
5.609474e-02,5.331260e-02,3.216361e+00,1.178787e-01,33554432,1,1
2.123200e-05,1.104500e-05,1.480200e-05,8.100000e-08,16,1,4
2.500100e-05,1.175100e-05,1.745600e-05,1.840000e-07,64,1,4
2.042870e-04,1.171200e-05,1.804700e-05,3.410000e-07,128,1,4
2.178500e-05,1.145500e-05,2.799600e-05,1.184000e-06,512,1,4
2.601700e-05,1.149700e-05,3.923600e-05,2.324000e-06,1024,1,4
2.760800e-05,1.506900e-05,5.988600e-05,5.468000e-06,2048,1,4
2.841100e-05,1.966800e-05,1.057150e-04,1.217300e-05,4096,1,4
8.940600e-05,8.120300e-05,1.247598e-03,1.045520e-04,32768,1,4
5.087610e-04,6.115130e-04,1.078320e-02,9.758180e-04,262144,1,4
1.516734e-03,1.964829e-03,4.744858e-02,3.661138e-03,1048576,1,4
2.934675e-03,3.567383e-03,1.057391e-01,7.316043e-03,2097152,1,4
5.551569e-03,6.670869e-03,1.355349e-01,1.419797e-02,4194304,1,4
1.085486e-02,1.309748e-02,2.132050e-01,2.792726e-02,8388608,1,4
2.147972e-02,2.516588e-02,4.173394e-01,5.542259e-02,16777216,1,4
4.545820e-02,5.443002e-02,8.636270e-01,1.138502e-01,33554432,1,4
2.024100e-05,1.102600e-05,1.563900e-05,7.800000e-08,16,1,16
2.010000e-05,1.098700e-05,1.492100e-05,1.710000e-07,64,1,16
2.499300e-05,1.138600e-05,1.585700e-05,3.300000e-07,128,1,16
2.470800e-05,1.112400e-05,1.972000e-05,1.223000e-06,512,1,16
2.440800e-05,1.162700e-05,2.087900e-05,2.305000e-06,1024,1,16
2.566400e-05,1.625300e-05,2.969600e-05,5.704000e-06,2048,1,16
3.181800e-05,1.924800e-05,4.199300e-05,1.225100e-05,4096,1,16
8.283100e-05,8.225600e-05,2.245710e-04,1.091540e-04,32768,1,16
5.223480e-04,5.832260e-04,1.701859e-03,9.208450e-04,262144,1,16
1.647407e-03,1.860033e-03,1.503995e-02,4.026486e-03,1048576,1,16
2.811898e-03,3.472441e-03,3.346882e-02,8.820995e-03,2097152,1,16
5.607348e-03,7.000983e-03,5.956980e-02,1.906062e-02,4194304,1,16
1.073486e-02,1.334165e-02,1.122108e-01,2.954830e-02,8388608,1,16
2.228189e-02,2.709783e-02,1.433197e-01,6.371670e-02,16777216,1,16
4.261580e-02,4.948333e-02,2.553941e-01,1.103723e-01,33554432,1,16
2.279300e-05,1.146300e-05,1.508400e-05,7.000000e-08,16,1,64
2.400900e-05,1.094800e-05,1.494900e-05,1.700000e-07,64,1,64
8.800420e-04,1.467300e-05,3.105620e-04,3.360000e-07,128,1,64
2.205700e-05,1.124300e-05,1.656500e-05,1.150000e-06,512,1,64
2.627900e-05,1.151000e-05,1.620100e-05,2.413000e-06,1024,1,64
1.121190e-04,1.607700e-05,4.304800e-05,5.385000e-06,2048,1,64
2.823900e-05,1.962800e-05,2.481300e-05,1.147400e-05,4096,1,64
9.531300e-05,8.373800e-05,1.714320e-04,1.066850e-04,32768,1,64
5.134940e-04,7.386180e-04,1.266599e-03,8.849100e-04,262144,1,64
1.524275e-03,1.763308e-03,5.304684e-03,3.437056e-03,1048576,1,64
2.814471e-03,3.274607e-03,1.053593e-02,6.824939e-03,2097152,1,64
5.449302e-03,6.595598e-03,2.227321e-02,1.413337e-02,4194304,1,64
1.073632e-02,1.251948e-02,4.335287e-02,2.820618e-02,8388608,1,64
2.144590e-02,2.557355e-02,9.222399e-02,5.635808e-02,16777216,1,64
4.236615e-02,5.161295e-02,1.093458e-01,1.113024e-01,33554432,1,64
2.531000e-05,1.149100e-05,1.676700e-05,7.300000e-08,16,1,256
2.441800e-05,1.072700e-05,1.437600e-05,1.690000e-07,64,1,256
2.377800e-05,1.093100e-05,1.473500e-05,3.130000e-07,128,1,256
2.031000e-05,1.108100e-05,1.424500e-05,1.159000e-06,512,1,256
2.514100e-05,1.156300e-05,1.616100e-05,2.202000e-06,1024,1,256
2.825800e-05,1.457700e-05,1.698500e-05,5.398000e-06,2048,1,256
3.210500e-05,2.003100e-05,2.171100e-05,1.188700e-05,4096,1,256
1.425320e-04,9.507800e-05,1.488700e-04,1.052350e-04,32768,1,256
5.075020e-04,6.310860e-04,1.659895e-03,8.508310e-04,262144,1,256
1.493476e-03,1.753887e-03,6.273017e-03,3.419258e-03,1048576,1,256
2.953179e-03,3.480097e-03,1.222569e-02,6.961457e-03,2097152,1,256
5.446989e-03,6.455593e-03,2.432267e-02,1.476831e-02,4194304,1,256
1.091920e-02,1.304832e-02,4.882904e-02,2.837798e-02,8388608,1,256
2.148785e-02,2.502827e-02,9.371005e-02,5.816820e-02,16777216,1,256
4.285492e-02,4.865186e-02,1.358401e-01,1.051584e-01,33554432,1,256
1.990600e-05,1.118500e-05,1.587400e-05,6.900000e-08,16,1,1024
2.045600e-05,1.098800e-05,1.481000e-05,1.810000e-07,64,1,1024
2.361000e-05,1.131100e-05,1.638300e-05,3.240000e-07,128,1,1024
1.538680e-04,1.153300e-05,1.866700e-05,1.111000e-06,512,1,1024
2.600900e-05,1.149000e-05,1.492300e-05,2.320000e-06,1024,1,1024
2.379500e-05,1.481500e-05,1.647700e-05,5.594000e-06,2048,1,1024
2.838900e-05,1.922300e-05,1.767100e-05,1.197400e-05,4096,1,1024
9.051300e-05,8.148100e-05,2.800250e-04,1.047040e-04,32768,1,1024
5.006810e-04,6.413950e-04,1.475509e-03,8.424410e-04,262144,1,1024
1.488532e-03,1.774278e-03,5.499185e-03,3.619663e-03,1048576,1,1024
2.853541e-03,3.394095e-03,1.355339e-02,7.298041e-03,2097152,1,1024
5.468170e-03,6.728410e-03,2.340483e-02,1.466732e-02,4194304,1,1024
1.087658e-02,1.268670e-02,4.575522e-02,2.831634e-02,8388608,1,1024
2.153728e-02,2.575578e-02,9.207364e-02,5.748043e-02,16777216,1,1024
4.282438e-02,4.955241e-02,1.187273e-01,1.070885e-01,33554432,1,1024
2.088200e-05,1.135500e-05,1.527000e-05,1.240000e-07,16,8,1
5.361950e-04,1.156900e-05,1.675500e-05,1.860000e-07,64,8,1
2.129900e-05,1.140800e-05,1.700600e-05,3.220000e-07,128,8,1
2.002300e-05,1.156300e-05,2.173700e-05,1.181000e-06,512,8,1
2.273300e-05,1.197400e-05,2.785100e-05,2.315000e-06,1024,8,1
2.744800e-05,1.553100e-05,3.598300e-05,5.423000e-06,2048,8,1
2.824600e-05,1.906200e-05,5.573100e-05,1.188100e-05,4096,8,1
8.968200e-05,8.155100e-05,1.084537e-03,1.024190e-04,32768,8,1
5.048340e-04,7.261450e-04,6.165900e-03,8.308640e-04,262144,8,1
1.486078e-03,1.745242e-03,2.336845e-02,3.401300e-03,1048576,8,1
2.808713e-03,3.346691e-03,4.576845e-02,6.725835e-03,2097152,8,1
5.446493e-03,6.231092e-03,8.942087e-02,1.601894e-02,4194304,8,1
1.108620e-02,1.258014e-02,1.629777e-01,2.753736e-02,8388608,8,1
2.126359e-02,2.446150e-02,1.908449e-01,5.302631e-02,16777216,8,1
4.255886e-02,4.918031e-02,3.796050e-01,1.062218e-01,33554432,8,1
1.971400e-05,1.133000e-05,1.525500e-05,7.000000e-08,16,8,4
2.437800e-05,1.116000e-05,1.590700e-05,1.720000e-07,64,8,4
2.345600e-05,1.090300e-05,1.545500e-05,3.190000e-07,128,8,4
2.518100e-05,1.184200e-05,1.845500e-05,1.152000e-06,512,8,4
2.523400e-05,1.193700e-05,1.797100e-05,2.362000e-06,1024,8,4
2.379300e-05,1.530200e-05,2.098200e-05,5.439000e-06,2048,8,4
3.156400e-05,1.875700e-05,2.595600e-05,1.168200e-05,4096,8,4
9.168400e-05,7.957500e-05,1.055950e-04,1.028360e-04,32768,8,4
5.463850e-04,8.332970e-04,1.453169e-03,9.035890e-04,262144,8,4
1.490536e-03,1.704368e-03,6.043113e-03,3.436681e-03,1048576,8,4
2.997039e-03,3.355129e-03,1.348509e-02,6.836228e-03,2097152,8,4
5.447842e-03,6.381697e-03,2.494988e-02,1.531579e-02,4194304,8,4
1.115267e-02,1.384728e-02,5.066945e-02,2.818582e-02,8388608,8,4
2.138653e-02,2.474307e-02,9.582716e-02,5.535816e-02,16777216,8,4
4.226840e-02,5.146931e-02,1.061050e-01,1.070835e-01,33554432,8,4
1.994300e-05,1.173000e-05,1.568900e-05,9.100000e-08,16,8,16
1.903900e-05,1.131800e-05,1.460300e-05,1.730000e-07,64,8,16
2.393200e-05,1.123300e-05,1.472200e-05,3.110000e-07,128,8,16
2.710100e-05,1.125000e-05,1.449900e-05,1.139000e-06,512,8,16
2.399400e-05,1.163500e-05,1.638900e-05,2.234000e-06,1024,8,16
2.394000e-05,1.542800e-05,1.584900e-05,5.259000e-06,2048,8,16
3.137700e-05,1.886500e-05,1.878700e-05,1.181700e-05,4096,8,16
9.285100e-05,9.116200e-05,4.376300e-05,1.024930e-04,32768,8,16
5.604860e-04,5.509290e-04,4.469090e-04,9.538250e-04,262144,8,16
1.490913e-03,1.766515e-03,1.787662e-03,3.450474e-03,1048576,8,16
2.814029e-03,3.311805e-03,6.674934e-03,6.699635e-03,2097152,8,16
5.444835e-03,6.481939e-03,7.497993e-03,1.587732e-02,4194304,8,16
1.069409e-02,1.250240e-02,1.494410e-02,2.815725e-02,8388608,8,16
2.135171e-02,2.520373e-02,3.040916e-02,5.434355e-02,16777216,8,16
4.374446e-02,4.971444e-02,5.910251e-02,1.059785e-01,33554432,8,16
2.058900e-05,1.209900e-05,1.745800e-05,6.900000e-08,16,8,64
3.443800e-05,2.577500e-05,1.821600e-05,1.860000e-07,64,8,64
2.249400e-05,1.190900e-05,1.692800e-05,3.270000e-07,128,8,64
2.208800e-05,1.128500e-05,1.739800e-05,1.147000e-06,512,8,64
2.288000e-05,1.279000e-05,1.771900e-05,2.355000e-06,1024,8,64
2.785300e-05,1.602800e-05,1.774500e-05,5.490000e-06,2048,8,64
3.283500e-05,2.080300e-05,1.786900e-05,1.170500e-05,4096,8,64
1.355460e-04,1.226460e-04,6.233900e-05,1.077360e-04,32768,8,64
5.221670e-04,5.713720e-04,1.818320e-04,2.463803e-03,262144,8,64
1.495841e-03,1.797726e-03,6.895910e-04,3.635187e-03,1048576,8,64
2.852471e-03,4.010007e-03,2.151019e-03,7.146215e-03,2097152,8,64
5.438530e-03,6.806157e-03,2.598253e-03,1.489319e-02,4194304,8,64
1.076619e-02,1.298168e-02,6.209526e-03,2.814323e-02,8388608,8,64
2.143722e-02,2.585624e-02,1.108405e-02,5.823813e-02,16777216,8,64
4.479482e-02,5.351413e-02,3.014381e-02,1.091948e-01,33554432,8,64
2.579600e-05,1.182100e-05,1.706700e-05,7.900000e-08,16,8,256
2.168400e-05,1.153400e-05,1.697800e-05,1.930000e-07,64,8,256
2.438000e-05,1.169200e-05,1.614600e-05,3.450000e-07,128,8,256
2.227900e-05,1.239400e-05,1.719600e-05,1.167000e-06,512,8,256
2.238600e-05,1.209400e-05,1.694100e-05,2.288000e-06,1024,8,256
2.795600e-05,1.456400e-05,1.676800e-05,5.650000e-06,2048,8,256
1.027444e-03,2.157700e-05,3.464830e-04,1.190700e-05,4096,8,256
9.125600e-05,8.292700e-05,3.035000e-05,1.075300e-04,32768,8,256
1.508190e-03,6.547140e-04,9.839650e-04,8.886980e-04,262144,8,256
1.492850e-03,1.760379e-03,8.567410e-04,3.524636e-03,1048576,8,256
2.809479e-03,3.367603e-03,1.691609e-03,7.083219e-03,2097152,8,256
5.580682e-03,6.710819e-03,3.278160e-03,1.425931e-02,4194304,8,256
1.080655e-02,1.281533e-02,7.146311e-03,2.801241e-02,8388608,8,256
2.137896e-02,2.553208e-02,1.369468e-02,5.602301e-02,16777216,8,256
4.291896e-02,5.180531e-02,2.567628e-02,1.068053e-01,33554432,8,256
2.373100e-05,1.202900e-05,1.887000e-05,7.100000e-08,16,8,1024
2.734100e-05,1.238400e-05,1.818900e-05,1.830000e-07,64,8,1024
2.588900e-05,1.299200e-05,1.871600e-05,3.100000e-07,128,8,1024
4.002100e-05,1.226500e-05,4.280300e-05,1.173000e-06,512,8,1024
3.378900e-05,2.268100e-05,5.166700e-05,2.375000e-06,1024,8,1024
2.579600e-05,1.613700e-05,1.841600e-05,5.410000e-06,2048,8,1024
3.223500e-05,1.928000e-05,1.619000e-05,1.146400e-05,4096,8,1024
9.322700e-05,7.996700e-05,1.845400e-05,1.047730e-04,32768,8,1024
6.978120e-04,7.056360e-04,2.256960e-04,8.412190e-04,262144,8,1024
1.494497e-03,1.781826e-03,7.905940e-04,3.403154e-03,1048576,8,1024
2.845946e-03,3.363376e-03,1.477169e-03,6.749661e-03,2097152,8,1024
5.573688e-03,6.505775e-03,2.827696e-03,1.461014e-02,4194304,8,1024
1.087911e-02,1.305034e-02,6.507279e-03,2.837343e-02,8388608,8,1024
2.145470e-02,2.540594e-02,1.208450e-02,5.605199e-02,16777216,8,1024
4.254614e-02,4.836476e-02,2.362768e-02,1.076428e-01,33554432,8,1024
2.152500e-05,1.214300e-05,1.711600e-05,1.010000e-07,16,32,1
2.546300e-05,1.187000e-05,1.743400e-05,1.700000e-07,64,32,1
2.197600e-05,1.183300e-05,1.501500e-05,3.210000e-07,128,32,1
2.618000e-05,1.214600e-05,1.901600e-05,1.134000e-06,512,32,1
2.362600e-05,1.338900e-05,2.053100e-05,2.332000e-06,1024,32,1
2.957400e-05,1.545900e-05,2.562100e-05,5.610000e-06,2048,32,1
3.009000e-05,2.083400e-05,3.064800e-05,1.810000e-05,4096,32,1
9.675400e-05,8.233700e-05,1.791560e-04,1.072440e-04,32768,32,1
5.191160e-04,5.604180e-04,1.284754e-03,8.597460e-04,262144,32,1
1.543288e-03,1.772650e-03,6.150729e-03,3.541079e-03,1048576,32,1
2.812050e-03,3.381891e-03,1.167980e-02,7.516630e-03,2097152,32,1
5.698895e-03,6.417398e-03,2.245731e-02,1.614353e-02,4194304,32,1
1.071544e-02,1.225931e-02,4.577395e-02,2.815947e-02,8388608,32,1
2.391527e-02,2.622233e-02,9.250938e-02,5.640605e-02,16777216,32,1
4.254548e-02,4.921539e-02,1.097055e-01,1.092778e-01,33554432,32,1
1.962600e-05,1.130200e-05,1.502000e-05,6.900000e-08,16,32,4
2.453000e-05,1.141900e-05,1.492800e-05,1.970000e-07,64,32,4
2.337500e-05,1.119800e-05,1.575400e-05,3.400000e-07,128,32,4
2.459100e-05,1.125200e-05,1.656700e-05,1.095000e-06,512,32,4
2.217000e-05,1.205700e-05,1.667600e-05,2.369000e-06,1024,32,4
2.750800e-05,1.590800e-05,1.793400e-05,5.579000e-06,2048,32,4
3.129100e-05,2.009300e-05,1.852200e-05,1.210300e-05,4096,32,4
1.180030e-04,7.918300e-05,3.930000e-05,1.065960e-04,32768,32,4
5.593670e-04,6.834490e-04,3.818850e-04,8.804400e-04,262144,32,4
1.546988e-03,1.706606e-03,1.534699e-03,3.540371e-03,1048576,32,4
2.842838e-03,3.406836e-03,3.504642e-03,6.740472e-03,2097152,32,4
5.568481e-03,6.551668e-03,6.051674e-03,1.593201e-02,4194304,32,4
1.088559e-02,1.276636e-02,1.291699e-02,2.827162e-02,8388608,32,4
2.157404e-02,2.478973e-02,2.545309e-02,5.620090e-02,16777216,32,4
4.330333e-02,5.251229e-02,5.001890e-02,1.069916e-01,33554432,32,4
2.775700e-05,1.218400e-05,1.889000e-05,7.200000e-08,16,32,16
2.462400e-05,1.346900e-05,1.963200e-05,1.800000e-07,64,32,16
2.339100e-05,1.320500e-05,1.822200e-05,3.180000e-07,128,32,16
2.672100e-05,1.277700e-05,1.913400e-05,1.203000e-06,512,32,16
6.441900e-05,2.825800e-05,1.907700e-05,2.377000e-06,1024,32,16
3.022900e-05,1.590800e-05,1.938400e-05,5.776000e-06,2048,32,16
3.354300e-05,2.024600e-05,1.932400e-05,1.222800e-05,4096,32,16
9.387000e-05,7.961500e-05,3.333600e-05,1.081360e-04,32768,32,16
5.532610e-04,8.382070e-04,1.340980e-04,8.780680e-04,262144,32,16
1.545298e-03,1.722729e-03,4.961100e-04,3.550711e-03,1048576,32,16
2.807022e-03,3.304684e-03,9.636930e-04,7.544238e-03,2097152,32,16
5.577108e-03,6.610026e-03,1.967893e-03,1.398916e-02,4194304,32,16
1.126540e-02,1.249564e-02,3.786742e-03,2.823982e-02,8388608,32,16
2.139706e-02,2.551649e-02,8.027260e-03,5.355031e-02,16777216,32,16
4.273377e-02,4.934043e-02,1.608292e-02,1.098904e-01,33554432,32,16
2.795900e-05,2.655200e-05,3.746400e-05,1.090000e-07,16,32,64
2.640900e-05,1.225200e-05,1.837000e-05,1.720000e-07,64,32,64
2.264300e-05,1.263400e-05,1.791800e-05,3.450000e-07,128,32,64
2.831400e-05,1.204600e-05,1.811600e-05,1.152000e-06,512,32,64
2.648600e-05,1.297600e-05,1.779400e-05,2.356000e-06,1024,32,64
3.002700e-05,1.713500e-05,1.761800e-05,5.583000e-06,2048,32,64
3.556800e-05,2.157000e-05,1.811500e-05,1.198300e-05,4096,32,64
8.931000e-05,8.272600e-05,2.269400e-05,1.074180e-04,32768,32,64
5.122790e-04,5.736180e-04,1.025910e-04,8.720670e-04,262144,32,64
1.491836e-03,1.770829e-03,2.638550e-04,3.515627e-03,1048576,32,64
3.358116e-03,3.258710e-03,5.097890e-04,6.968830e-03,2097152,32,64
5.444096e-03,6.452738e-03,9.848080e-04,1.685748e-02,4194304,32,64
1.109173e-02,1.276686e-02,1.949461e-03,2.843785e-02,8388608,32,64
2.143530e-02,2.649045e-02,3.852564e-03,5.425026e-02,16777216,32,64
4.338192e-02,5.047174e-02,9.163417e-03,1.115599e-01,33554432,32,64
2.278390e-04,1.205400e-05,1.835800e-05,6.900000e-08,16,32,256
2.436200e-05,1.242200e-05,1.798900e-05,1.880000e-07,64,32,256
2.598900e-05,1.226800e-05,1.790300e-05,3.240000e-07,128,32,256
2.287700e-05,1.224100e-05,1.875800e-05,1.142000e-06,512,32,256
2.361800e-05,1.297600e-05,1.778000e-05,2.247000e-06,1024,32,256
2.561700e-05,1.570000e-05,1.811300e-05,5.570000e-06,2048,32,256
3.018400e-05,6.388200e-05,1.667800e-05,1.208000e-05,4096,32,256
9.629600e-05,1.139870e-04,1.989900e-05,1.038830e-04,32768,32,256
5.141020e-04,5.512090e-04,8.330900e-05,8.410970e-04,262144,32,256
1.509436e-03,1.849434e-03,3.253500e-04,3.478301e-03,1048576,32,256
3.016859e-03,3.330209e-03,6.338940e-04,7.287200e-03,2097152,32,256
5.435612e-03,6.419790e-03,1.222277e-03,1.403315e-02,4194304,32,256
1.093966e-02,1.265809e-02,2.483298e-03,2.824723e-02,8388608,32,256
2.134758e-02,2.512789e-02,6.409249e-03,5.542269e-02,16777216,32,256
4.259691e-02,4.868372e-02,1.058812e-02,1.092248e-01,33554432,32,256
2.515200e-05,1.202400e-05,1.837800e-05,7.000000e-08,16,32,1024
2.362600e-05,1.264200e-05,1.840700e-05,1.740000e-07,64,32,1024
2.265500e-05,1.342000e-05,1.842500e-05,3.210000e-07,128,32,1024
2.561600e-05,1.291300e-05,1.843700e-05,1.188000e-06,512,32,1024
2.779900e-05,1.269400e-05,1.837500e-05,2.285000e-06,1024,32,1024
2.842200e-05,1.515900e-05,1.633000e-05,5.380000e-06,2048,32,1024
3.284600e-05,2.018000e-05,1.843100e-05,4.004300e-05,4096,32,1024
9.058900e-05,8.463700e-05,1.918700e-05,1.072220e-04,32768,32,1024
5.447230e-04,5.677840e-04,5.720500e-05,8.132690e-04,262144,32,1024
1.533251e-03,1.883547e-03,7.377750e-04,3.490697e-03,1048576,32,1024
3.034698e-03,3.406305e-03,1.864718e-03,8.312593e-03,2097152,32,1024
5.632226e-03,6.450547e-03,3.848904e-03,1.392321e-02,4194304,32,1024
1.108413e-02,1.562332e-02,1.408791e-02,2.907737e-02,8388608,32,1024
2.145753e-02,2.597538e-02,2.673398e-02,5.811587e-02,16777216,32,1024
4.258697e-02,5.191280e-02,4.798286e-02,1.125773e-01,33554432,32,1024
2.566500e-05,1.199800e-05,1.839200e-05,1.260000e-07,16,128,1
2.216100e-05,1.210600e-05,1.833700e-05,1.770000e-07,64,128,1
2.229700e-05,1.288900e-05,1.787600e-05,3.180000e-07,128,128,1
2.612100e-05,1.219200e-05,1.882100e-05,1.146000e-06,512,128,1
2.321700e-05,1.251900e-05,1.873200e-05,2.268000e-06,1024,128,1
2.565400e-05,1.609200e-05,1.789700e-05,5.384000e-06,2048,128,1
3.177800e-05,1.968200e-05,2.201900e-05,1.138000e-05,4096,128,1
9.311700e-05,8.062400e-05,5.056000e-05,1.025110e-04,32768,128,1
5.089480e-04,5.462200e-04,3.477040e-04,1.006523e-03,262144,128,1
1.804488e-03,1.725189e-03,1.447586e-03,3.451952e-03,1048576,128,1
2.809579e-03,3.213166e-03,3.258014e-03,6.868277e-03,2097152,128,1
5.566788e-03,6.517483e-03,5.620990e-03,1.431299e-02,4194304,128,1
1.092009e-02,1.285187e-02,1.218007e-02,2.884393e-02,8388608,128,1
2.141816e-02,2.551153e-02,2.371999e-02,5.329746e-02,16777216,128,1
4.251794e-02,4.846703e-02,4.730216e-02,1.059409e-01,33554432,128,1
2.338200e-05,1.178600e-05,1.816200e-05,9.100000e-08,16,128,4
2.194900e-05,1.213300e-05,1.558600e-05,1.880000e-07,64,128,4
2.197400e-05,1.119800e-05,1.572800e-05,3.230000e-07,128,128,4
2.550200e-05,1.229200e-05,1.764900e-05,1.214000e-06,512,128,4
2.657800e-05,1.330400e-05,1.749800e-05,2.292000e-06,1024,128,4
2.780500e-05,1.524100e-05,1.741900e-05,5.450000e-06,2048,128,4
2.986400e-05,2.005600e-05,1.854300e-05,1.190700e-05,4096,128,4
9.192300e-05,7.813400e-05,2.468800e-05,1.002930e-04,32768,128,4
5.160670e-04,5.506210e-04,8.951300e-05,8.552750e-04,262144,128,4
1.517951e-03,1.645300e-03,4.176790e-04,3.452905e-03,1048576,128,4
2.809997e-03,3.259418e-03,8.119580e-04,7.048091e-03,2097152,128,4
5.440223e-03,6.401201e-03,1.703973e-03,1.375250e-02,4194304,128,4
1.093060e-02,1.255443e-02,3.232199e-03,2.710550e-02,8388608,128,4
2.240291e-02,2.646837e-02,7.492138e-03,5.637631e-02,16777216,128,4
4.652541e-02,5.424764e-02,1.585586e-02,1.173750e-01,33554432,128,4
1.184090e-04,1.308500e-05,1.773500e-05,8.400000e-08,16,128,16
1.528200e-05,9.892000e-06,1.498000e-05,1.930000e-07,64,128,16
2.336300e-05,1.186900e-05,1.790500e-05,3.300000e-07,128,128,16
2.354200e-05,1.247200e-05,1.774500e-05,1.225000e-06,512,128,16
2.342100e-05,1.274700e-05,1.785700e-05,2.371000e-06,1024,128,16
2.130320e-04,1.662200e-05,1.804700e-05,5.742000e-06,2048,128,16
3.123600e-05,2.068900e-05,1.762800e-05,1.565600e-05,4096,128,16
9.630100e-05,8.244300e-05,2.351900e-05,1.073570e-04,32768,128,16
4.995570e-04,5.698120e-04,7.830200e-05,8.878400e-04,262144,128,16
1.652444e-03,1.875862e-03,3.548580e-04,3.493718e-03,1048576,128,16
2.967098e-03,3.977067e-03,4.994810e-04,6.819569e-03,2097152,128,16
5.585059e-03,6.735196e-03,1.016232e-03,1.357941e-02,4194304,128,16
1.108131e-02,1.340057e-02,2.010652e-03,2.656384e-02,8388608,128,16
2.142214e-02,2.589127e-02,4.437186e-03,5.612746e-02,16777216,128,16
4.291235e-02,4.921993e-02,8.288786e-03,1.058376e-01,33554432,128,16
2.545300e-05,1.300200e-05,1.932200e-05,7.000000e-08,16,128,64
2.485500e-05,1.286600e-05,1.828400e-05,1.700000e-07,64,128,64
3.313100e-05,1.542700e-05,2.231100e-05,3.330000e-07,128,128,64
2.428100e-05,1.277600e-05,1.962100e-05,1.203000e-06,512,128,64
2.606000e-05,1.301800e-05,1.976100e-05,3.161000e-06,1024,128,64
2.655200e-05,1.680100e-05,1.869800e-05,5.411000e-06,2048,128,64
3.649300e-05,2.079200e-05,1.976000e-05,1.224600e-05,4096,128,64
1.003470e-04,8.367800e-05,2.140300e-05,1.047220e-04,32768,128,64
6.438750e-04,5.551210e-04,9.129200e-05,8.817980e-04,262144,128,64
1.555275e-03,1.759832e-03,3.108500e-04,3.481112e-03,1048576,128,64
2.809326e-03,3.414680e-03,5.868120e-04,8.013425e-03,2097152,128,64
5.595495e-03,6.296437e-03,1.131204e-03,1.417270e-02,4194304,128,64
1.074018e-02,1.275845e-02,3.151735e-03,2.820699e-02,8388608,128,64
2.144333e-02,2.568199e-02,4.903859e-03,5.460547e-02,16777216,128,64
4.331853e-02,5.169135e-02,1.036030e-02,1.063965e-01,33554432,128,64
2.272600e-05,1.220500e-05,1.896500e-05,9.500000e-08,16,128,256
2.619200e-05,1.142700e-05,1.712400e-05,1.730000e-07,64,128,256
3.439200e-05,1.298300e-05,1.840200e-05,3.150000e-07,128,128,256
2.743600e-05,1.239000e-05,1.829600e-05,1.154000e-06,512,128,256
2.371300e-05,1.254600e-05,1.760500e-05,2.345000e-06,1024,128,256
2.933200e-05,1.579800e-05,1.952700e-05,5.601000e-06,2048,128,256
3.314900e-05,1.961600e-05,1.836500e-05,1.800300e-05,4096,128,256
3.706860e-04,1.616960e-04,5.319450e-04,1.009230e-04,32768,128,256
6.598190e-04,5.765770e-04,4.988700e-05,8.638410e-04,262144,128,256
1.538233e-03,1.755962e-03,5.962250e-04,3.574015e-03,1048576,128,256
2.845796e-03,3.344812e-03,1.386497e-03,8.148513e-03,2097152,128,256
5.447742e-03,6.688861e-03,3.004024e-03,1.456454e-02,4194304,128,256
1.089736e-02,1.305815e-02,1.183138e-02,2.715695e-02,8388608,128,256
2.169114e-02,2.670140e-02,2.246788e-02,5.363995e-02,16777216,128,256
4.265144e-02,5.084286e-02,3.942847e-02,1.080208e-01,33554432,128,256
2.245800e-05,1.234100e-05,2.190700e-05,7.300000e-08,16,128,1024
2.373700e-05,1.245100e-05,2.227800e-05,1.670000e-07,64,128,1024
2.445600e-05,1.180400e-05,2.020500e-05,3.010000e-07,128,128,1024
2.320410e-04,1.237900e-05,2.196500e-05,1.143000e-06,512,128,1024
2.335800e-05,1.276000e-05,2.092100e-05,2.359000e-06,1024,128,1024
2.723300e-05,1.546800e-05,2.276700e-05,5.640000e-06,2048,128,1024
3.267000e-05,1.981800e-05,2.272700e-05,1.199500e-05,4096,128,1024
9.302100e-05,8.216500e-05,2.175500e-05,1.022220e-04,32768,128,1024
5.572900e-04,5.610860e-04,2.788800e-05,8.870940e-04,262144,128,1024
1.660815e-03,1.811635e-03,1.774750e-04,3.448399e-03,1048576,128,1024
2.808654e-03,3.399802e-03,1.081678e-03,6.822433e-03,2097152,128,1024
5.671237e-03,6.686607e-03,2.707250e-03,1.404460e-02,4194304,128,1024
1.073127e-02,1.303430e-02,8.062760e-03,2.833155e-02,8388608,128,1024
2.135315e-02,2.536370e-02,1.606328e-02,5.614970e-02,16777216,128,1024
4.259101e-02,5.084637e-02,4.730716e-02,1.118637e-01,33554432,128,1024
2.541400e-05,1.310900e-05,1.948400e-05,8.100000e-08,16,512,1
2.609700e-05,1.246300e-05,3.298800e-05,1.870000e-07,64,512,1
2.220700e-05,1.234900e-05,1.892600e-05,3.310000e-07,128,512,1
2.339500e-05,1.218400e-05,1.894400e-05,1.129000e-06,512,512,1
2.700300e-05,1.289400e-05,1.971500e-05,2.317000e-06,1024,512,1
4.307900e-05,4.409400e-05,3.337900e-05,5.419000e-06,2048,512,1
3.452400e-05,2.063700e-05,1.979800e-05,1.224100e-05,4096,512,1
9.016500e-05,8.161800e-05,3.150300e-05,1.058700e-04,32768,512,1
5.512150e-04,5.448730e-04,1.110200e-04,8.577990e-04,262144,512,1
1.498313e-03,1.795490e-03,4.311780e-04,3.785941e-03,1048576,512,1
2.809984e-03,3.220502e-03,8.413150e-04,7.121840e-03,2097152,512,1
5.442851e-03,6.640190e-03,1.653194e-03,1.505531e-02,4194304,512,1
1.083026e-02,1.314107e-02,3.287634e-03,2.846429e-02,8388608,512,1
2.187249e-02,2.565632e-02,6.567277e-03,5.547346e-02,16777216,512,1
4.275664e-02,5.148650e-02,1.472881e-02,1.132809e-01,33554432,512,1
2.259400e-05,1.253300e-05,1.938700e-05,7.100000e-08,16,512,4
2.249400e-05,1.253100e-05,1.948100e-05,1.900000e-07,64,512,4
2.172700e-05,1.241200e-05,1.773100e-05,3.350000e-07,128,512,4
2.303200e-05,1.197100e-05,1.968800e-05,1.306000e-06,512,512,4
2.884800e-05,1.340600e-05,1.847300e-05,2.282000e-06,1024,512,4
3.201100e-05,1.614200e-05,2.020900e-05,5.256000e-06,2048,512,4
3.466500e-05,2.090500e-05,1.987000e-05,1.242800e-05,4096,512,4
9.117700e-05,8.343400e-05,2.649800e-05,1.072140e-04,32768,512,4
6.379360e-04,5.802550e-04,8.168200e-05,8.543540e-04,262144,512,4
1.555719e-03,1.851956e-03,2.654500e-04,3.477388e-03,1048576,512,4
2.948850e-03,3.385203e-03,5.106120e-04,6.996074e-03,2097152,512,4
5.453316e-03,6.996921e-03,1.005835e-03,1.729768e-02,4194304,512,4
1.086764e-02,1.319512e-02,1.953739e-03,2.910735e-02,8388608,512,4
2.154997e-02,2.561978e-02,5.879000e-03,5.571024e-02,16777216,512,4
4.245393e-02,4.845305e-02,1.299969e-02,1.087948e-01,33554432,512,4
2.305000e-05,1.211300e-05,1.956300e-05,7.100000e-08,16,512,16
2.881100e-05,1.228800e-05,2.173100e-05,1.810000e-07,64,512,16
2.819100e-05,1.670300e-05,3.133300e-05,3.440000e-07,128,512,16
2.755800e-05,1.279800e-05,1.920200e-05,1.324000e-06,512,512,16
2.525600e-05,1.295600e-05,1.869700e-05,2.359000e-06,1024,512,16
3.020900e-05,1.672000e-05,1.953100e-05,5.546000e-06,2048,512,16
3.104800e-05,2.021300e-05,1.975100e-05,1.235200e-05,4096,512,16
9.507600e-05,8.055100e-05,2.052000e-05,1.024800e-04,32768,512,16
5.302330e-04,7.563950e-04,1.371380e-03,8.355010e-04,262144,512,16
1.487961e-03,1.748919e-03,2.470940e-04,3.515174e-03,1048576,512,16
2.826783e-03,3.316686e-03,5.236530e-04,6.722243e-03,2097152,512,16
5.580475e-03,6.647822e-03,9.552840e-04,1.389642e-02,4194304,512,16
1.089751e-02,1.303015e-02,1.924129e-03,2.784891e-02,8388608,512,16
2.151319e-02,2.632732e-02,4.543732e-03,5.681588e-02,16777216,512,16
4.279894e-02,5.109487e-02,8.085122e-03,1.107553e-01,33554432,512,16
2.565800e-05,1.242200e-05,1.948900e-05,8.500000e-08,16,512,64
2.457300e-05,1.230900e-05,1.985200e-05,1.750000e-07,64,512,64
2.588000e-05,1.215600e-05,1.870800e-05,3.260000e-07,128,512,64
4.496100e-05,1.572500e-05,2.207100e-05,1.194000e-06,512,512,64
2.500300e-05,1.279200e-05,1.874800e-05,2.232000e-06,1024,512,64
2.562200e-05,1.586800e-05,1.949500e-05,5.480000e-06,2048,512,64
3.297300e-05,1.970400e-05,1.878500e-05,1.215600e-05,4096,512,64
9.475800e-05,1.047330e-04,2.048100e-05,1.019690e-04,32768,512,64
5.010860e-04,5.596790e-04,4.579800e-05,8.688890e-04,262144,512,64
1.484651e-03,1.795966e-03,6.091030e-04,3.400393e-03,1048576,512,64
3.300180e-03,3.323972e-03,4.025423e-03,7.156768e-03,2097152,512,64
5.771826e-03,6.727937e-03,3.052707e-03,1.385600e-02,4194304,512,64
1.099093e-02,1.276045e-02,1.087622e-02,2.806222e-02,8388608,512,64
2.141666e-02,2.552378e-02,2.139371e-02,5.659228e-02,16777216,512,64
4.293046e-02,5.104402e-02,4.355521e-02,1.119263e-01,33554432,512,64
2.214970e-04,1.152300e-05,2.070300e-05,7.400000e-08,16,512,256
2.327000e-05,1.188800e-05,2.249500e-05,1.680000e-07,64,512,256
2.632300e-05,1.278500e-05,2.116500e-05,3.370000e-07,128,512,256
2.255800e-05,1.211500e-05,2.158100e-05,1.177000e-06,512,512,256
2.333800e-05,1.363500e-05,1.982200e-05,2.369000e-06,1024,512,256
2.843000e-05,1.547300e-05,2.114700e-05,5.531000e-06,2048,512,256
3.189500e-05,1.909200e-05,2.042100e-05,1.226800e-05,4096,512,256
9.278300e-05,8.284900e-05,1.985100e-05,1.076830e-04,32768,512,256
5.123280e-04,5.494460e-04,2.552200e-05,8.578590e-04,262144,512,256
1.711994e-03,2.335650e-03,1.259370e-04,3.372870e-03,1048576,512,256
2.836766e-03,3.244256e-03,8.933000e-04,7.782115e-03,2097152,512,256
5.437597e-03,6.645936e-03,2.565796e-03,1.457509e-02,4194304,512,256
1.071826e-02,1.272409e-02,7.376666e-03,2.889386e-02,8388608,512,256
2.157842e-02,2.591482e-02,1.498078e-02,5.573392e-02,16777216,512,256
4.304695e-02,5.154764e-02,4.614840e-02,1.127561e-01,33554432,512,256
2.787300e-05,1.217400e-05,3.646700e-05,8.200000e-08,16,512,1024
5.439530e-04,1.215900e-05,2.370950e-04,2.030000e-07,64,512,1024
2.377300e-05,1.367200e-05,6.071300e-05,3.400000e-07,128,512,1024
2.846900e-05,1.547900e-05,3.814300e-05,1.157000e-06,512,512,1024
3.446200e-05,1.688000e-05,4.342000e-05,2.397000e-06,1024,512,1024
7.000780e-04,1.906900e-05,3.960000e-05,5.842000e-06,2048,512,1024
3.199700e-05,2.033300e-05,3.646400e-05,1.212800e-05,4096,512,1024
9.324800e-05,8.487900e-05,4.018900e-05,1.084890e-04,32768,512,1024
5.102380e-04,5.710790e-04,3.810000e-05,9.164140e-04,262144,512,1024
1.624391e-03,1.827185e-03,5.891800e-05,3.628803e-03,1048576,512,1024
3.087427e-03,3.646362e-03,1.634190e-04,7.472491e-03,2097152,512,1024
5.581824e-03,6.851285e-03,6.367650e-04,1.430109e-02,4194304,512,1024
1.118619e-02,1.364892e-02,5.288227e-03,2.869463e-02,8388608,512,1024
2.217659e-02,4.310337e-02,1.271343e-02,5.641498e-02,16777216,512,1024
4.347850e-02,5.234565e-02,3.542081e-02,1.166221e-01,33554432,512,1024
2.163200e-05,1.169300e-05,2.087100e-05,7.300000e-08,16,2048,1
4.552450e-04,1.211300e-05,1.841720e-04,1.780000e-07,64,2048,1
2.437900e-05,1.183900e-05,2.026800e-05,3.200000e-07,128,2048,1
2.215700e-05,1.088200e-05,3.929800e-05,1.211000e-06,512,2048,1
2.321600e-05,1.229600e-05,1.933600e-05,2.382000e-06,1024,2048,1
4.427710e-04,1.547200e-05,1.804550e-04,5.719000e-06,2048,2048,1
3.348900e-05,2.035600e-05,2.015500e-05,1.243200e-05,4096,2048,1
9.484400e-05,8.262200e-05,3.433400e-05,1.046570e-04,32768,2048,1
6.022760e-04,5.939210e-04,1.501600e-04,9.393190e-04,262144,2048,1
1.496514e-03,1.797566e-03,4.257880e-04,3.902819e-03,1048576,2048,1
2.822068e-03,3.482121e-03,8.330780e-04,6.985131e-03,2097152,2048,1
5.604926e-03,6.709596e-03,1.673515e-03,1.433694e-02,4194304,2048,1
1.140706e-02,1.323349e-02,3.814447e-03,2.830182e-02,8388608,2048,1
2.182535e-02,2.846828e-02,7.362707e-03,5.850069e-02,16777216,2048,1
4.343298e-02,5.283533e-02,1.330651e-02,1.158005e-01,33554432,2048,1
5.174960e-04,1.196300e-05,2.156530e-04,7.300000e-08,16,2048,4
2.152000e-05,1.267000e-05,2.050200e-05,1.830000e-07,64,2048,4
2.548700e-05,1.171400e-05,2.095300e-05,4.070000e-07,128,2048,4
2.670700e-05,1.241700e-05,2.117700e-05,1.198000e-06,512,2048,4
2.297000e-05,1.217200e-05,2.112400e-05,2.332000e-06,1024,2048,4
2.601700e-05,1.574300e-05,2.068000e-05,5.740000e-06,2048,2048,4
3.303000e-05,1.992800e-05,2.083100e-05,1.194500e-05,4096,2048,4
9.014700e-05,8.374900e-05,2.578900e-05,1.219180e-04,32768,2048,4
5.134770e-04,5.982670e-04,7.710800e-05,8.812960e-04,262144,2048,4
1.504087e-03,2.270880e-03,2.474660e-04,3.595219e-03,1048576,2048,4
2.879051e-03,8.162510e-03,4.871820e-04,7.083657e-03,2097152,2048,4
6.990413e-03,6.842843e-03,1.349497e-03,1.451321e-02,4194304,2048,4
1.092534e-02,1.384373e-02,2.111043e-03,3.036008e-02,8388608,2048,4
2.199916e-02,2.669387e-02,3.649971e-03,6.142272e-02,16777216,2048,4
4.368884e-02,5.224559e-02,7.782295e-03,1.120280e-01,33554432,2048,4
2.690500e-05,1.228000e-05,2.438100e-05,9.000000e-08,16,2048,16
2.276100e-05,1.231200e-05,2.296500e-05,1.810000e-07,64,2048,16
2.639100e-05,1.253800e-05,2.352700e-05,3.160000e-07,128,2048,16
3.037000e-05,1.311000e-05,2.484000e-05,1.168000e-06,512,2048,16
2.698900e-05,1.668900e-05,5.380800e-05,2.400000e-06,1024,2048,16
3.001200e-05,2.016200e-05,2.673700e-05,5.561000e-06,2048,2048,16
6.812430e-04,2.157300e-05,2.725400e-04,1.222600e-05,4096,2048,16
9.001300e-05,8.393000e-05,2.285300e-05,1.046410e-04,32768,2048,16
5.060010e-04,5.688150e-04,4.348400e-05,9.546080e-04,262144,2048,16
1.495499e-03,1.765834e-03,2.555270e-04,3.532247e-03,1048576,2048,16
2.976188e-03,3.507438e-03,4.688300e-04,7.019742e-03,2097152,2048,16
5.892387e-03,6.831782e-03,1.209470e-03,1.597124e-02,4194304,2048,16
1.084257e-02,1.352922e-02,1.845170e-03,2.890062e-02,8388608,2048,16
2.221300e-02,2.633283e-02,3.658168e-03,5.775617e-02,16777216,2048,16
4.361411e-02,5.189235e-02,9.470173e-03,1.121821e-01,33554432,2048,16
5.930250e-04,1.180400e-05,2.432300e-04,9.500000e-08,16,2048,64
2.363800e-05,1.286700e-05,2.253400e-05,1.980000e-07,64,2048,64
1.274968e-03,1.809700e-05,2.801200e-05,3.160000e-07,128,2048,64
2.249700e-05,1.269300e-05,2.145700e-05,1.174000e-06,512,2048,64
2.672700e-05,1.551600e-05,2.394900e-05,2.376000e-06,1024,2048,64
2.779400e-05,1.715800e-05,2.284500e-05,5.695000e-06,2048,2048,64
3.332400e-05,2.560800e-05,2.501800e-05,1.187000e-05,4096,2048,64
8.944500e-05,8.294600e-05,2.438900e-05,1.067730e-04,32768,2048,64
4.997710e-04,5.823880e-04,2.958200e-05,9.076960e-04,262144,2048,64
1.618324e-03,1.785746e-03,1.246450e-04,3.641552e-03,1048576,2048,64
2.810330e-03,3.344069e-03,8.824920e-04,7.121113e-03,2097152,2048,64
5.445170e-03,6.581823e-03,2.504245e-03,1.683171e-02,4194304,2048,64
1.084661e-02,1.249311e-02,6.345644e-03,2.814230e-02,8388608,2048,64
2.146858e-02,2.632035e-02,1.534687e-02,6.215369e-02,16777216,2048,64
4.283731e-02,5.129119e-02,5.083844e-02,1.213878e-01,33554432,2048,64
2.148300e-05,1.189100e-05,3.308400e-05,7.000000e-08,16,2048,256
2.540500e-05,1.271600e-05,3.293600e-05,1.760000e-07,64,2048,256
2.187700e-05,1.188100e-05,3.289100e-05,3.270000e-07,128,2048,256
2.519000e-05,1.177700e-05,3.181600e-05,1.152000e-06,512,2048,256
2.619300e-05,1.225800e-05,3.165200e-05,2.383000e-06,1024,2048,256
2.843800e-05,1.557000e-05,3.033900e-05,5.580000e-06,2048,2048,256
3.239400e-05,1.970600e-05,3.066100e-05,1.183000e-05,4096,2048,256
9.193000e-05,8.047800e-05,3.236200e-05,1.048120e-04,32768,2048,256
5.069080e-04,5.584540e-04,3.355000e-05,8.503010e-04,262144,2048,256
1.496862e-03,1.734127e-03,5.402600e-05,3.557605e-03,1048576,2048,256
2.808882e-03,3.554520e-03,1.169260e-04,6.862836e-03,2097152,2048,256
5.584416e-03,6.371925e-03,4.466410e-04,1.367798e-02,4194304,2048,256
1.085684e-02,1.259362e-02,3.489638e-03,2.732967e-02,8388608,2048,256
2.144757e-02,2.536268e-02,1.073267e-02,5.373733e-02,16777216,2048,256
4.525755e-02,5.287801e-02,3.204881e-02,1.147075e-01,33554432,2048,256
2.462500e-05,3.535000e-06,3.849547e-01,9.600000e-08,16,2048,1024
2.003300e-05,1.377000e-06,9.238968e-02,1.760000e-07,64,2048,1024
2.377700e-05,1.558000e-06,1.651344e-01,2.940000e-07,128,2048,1024
2.042100e-05,3.377000e-06,5.160021e-01,1.112000e-06,512,2048,1024
2.551600e-05,3.799000e-06,1.958233e-01,2.291000e-06,1024,2048,1024
9.549000e-05,1.221000e-06,1.880690e-02,5.697000e-06,2048,2048,1024
3.193700e-05,1.376000e-06,1.118895e-01,1.164700e-05,4096,2048,1024
8.833700e-05,1.398000e-06,5.957163e-02,1.005080e-04,32768,2048,1024
5.078250e-04,1.622000e-06,5.192521e-01,8.356870e-04,262144,2048,1024
1.488705e-03,1.679099e-03,8.202900e-05,3.395384e-03,1048576,2048,1024
2.806253e-03,3.631072e-03,8.570200e-05,6.859967e-03,2097152,2048,1024
5.529953e-03,6.356137e-03,1.552010e-04,1.354899e-02,4194304,2048,1024
1.088532e-02,1.304854e-02,3.151270e-04,2.663141e-02,8388608,2048,1024
2.150150e-02,2.537448e-02,2.428771e-03,5.358876e-02,16777216,2048,1024
4.256017e-02,4.954338e-02,1.915309e-02,1.108028e-01,33554432,2048,1024
2.590700e-05,1.198700e-05,3.960400e-05,6.600000e-08,16,8192,1
2.358800e-05,1.272100e-05,3.797300e-05,1.830000e-07,64,8192,1
2.107700e-05,1.178900e-05,3.729700e-05,3.100000e-07,128,8192,1
2.544400e-05,1.229800e-05,3.202100e-05,1.126000e-06,512,8192,1
2.746600e-05,1.300300e-05,3.244000e-05,2.165000e-06,1024,8192,1
2.920800e-05,1.578900e-05,3.237200e-05,5.391000e-06,2048,8192,1
2.941600e-05,2.012700e-05,3.281000e-05,1.145300e-05,4096,8192,1
9.255600e-05,8.023300e-05,3.877800e-05,1.021160e-04,32768,8192,1
5.091420e-04,5.479760e-04,1.128800e-04,8.697180e-04,262144,8192,1
1.522306e-03,1.699617e-03,3.992170e-04,3.474048e-03,1048576,8192,1
2.971106e-03,3.281080e-03,7.695190e-04,6.949154e-03,2097152,8192,1
5.441895e-03,6.311174e-03,1.511303e-03,1.377747e-02,4194304,8192,1
1.094506e-02,1.241038e-02,3.010376e-03,2.710592e-02,8388608,8192,1
2.154696e-02,2.448488e-02,6.487042e-03,5.279859e-02,16777216,8192,1
4.268584e-02,4.963065e-02,1.288534e-02,1.051334e-01,33554432,8192,1
2.087700e-05,1.248600e-05,3.435200e-05,7.900000e-08,16,8192,4
2.476200e-05,1.184600e-05,3.212800e-05,1.680000e-07,64,8192,4
2.115700e-05,1.209400e-05,3.351900e-05,3.060000e-07,128,8192,4
2.533500e-05,1.193900e-05,3.416600e-05,1.163000e-06,512,8192,4
2.633200e-05,1.267900e-05,3.508500e-05,2.238000e-06,1024,8192,4
2.863400e-05,1.593900e-05,3.113500e-05,5.399000e-06,2048,8192,4
3.255900e-05,1.957400e-05,3.152800e-05,1.175500e-05,4096,8192,4
8.942900e-05,7.971300e-05,3.141600e-05,1.033400e-04,32768,8192,4
5.097470e-04,6.043890e-04,4.599600e-05,8.334980e-04,262144,8192,4
1.492674e-03,1.671461e-03,2.466690e-04,3.445118e-03,1048576,8192,4
2.809001e-03,3.272066e-03,4.629660e-04,6.758308e-03,2097152,8192,4
5.489708e-03,6.267924e-03,8.973670e-04,1.381724e-02,4194304,8192,4
1.093799e-02,1.239001e-02,1.765693e-03,2.746553e-02,8388608,8192,4
2.143675e-02,2.512391e-02,3.508741e-03,5.332541e-02,16777216,8192,4
4.280218e-02,4.883098e-02,7.948236e-03,1.054732e-01,33554432,8192,4
2.350200e-05,1.240700e-05,3.740700e-05,7.000000e-08,16,8192,16
2.429300e-05,1.245300e-05,3.794000e-05,2.060000e-07,64,8192,16
2.150000e-05,1.261200e-05,3.691900e-05,3.120000e-07,128,8192,16
2.359200e-05,1.219700e-05,3.744400e-05,1.114000e-06,512,8192,16
2.663300e-05,1.253000e-05,3.760600e-05,2.244000e-06,1024,8192,16
2.930900e-05,1.612200e-05,3.692700e-05,5.516000e-06,2048,8192,16
3.373200e-05,2.005400e-05,3.663700e-05,1.194900e-05,4096,8192,16
9.055800e-05,7.982100e-05,3.524100e-05,1.029230e-04,32768,8192,16
5.100290e-04,5.487480e-04,3.832300e-05,8.305850e-04,262144,8192,16
1.532768e-03,1.693349e-03,1.097820e-04,3.491461e-03,1048576,8192,16
3.017890e-03,3.194305e-03,2.600350e-04,6.762437e-03,2097152,8192,16
5.440881e-03,6.284820e-03,9.170580e-04,1.368083e-02,4194304,8192,16
1.127497e-02,1.286923e-02,1.799828e-03,2.708489e-02,8388608,8192,16
2.141301e-02,2.502552e-02,3.663581e-03,5.286052e-02,16777216,8192,16
4.265938e-02,4.957766e-02,9.041581e-03,1.105393e-01,33554432,8192,16
2.188600e-05,1.210500e-05,3.352800e-05,7.800000e-08,16,8192,64
2.182700e-05,1.188000e-05,3.213000e-05,1.830000e-07,64,8192,64
2.588900e-05,1.307900e-05,3.239700e-05,3.250000e-07,128,8192,64
2.238800e-05,1.205500e-05,3.343200e-05,1.138000e-06,512,8192,64
2.697700e-05,1.183600e-05,3.217800e-05,2.289000e-06,1024,8192,64
2.643900e-05,1.595300e-05,3.325500e-05,5.344000e-06,2048,8192,64
3.414600e-05,2.006600e-05,3.362700e-05,1.166900e-05,4096,8192,64
9.470100e-05,7.876200e-05,3.338500e-05,1.000180e-04,32768,8192,64
5.101490e-04,5.513510e-04,3.096000e-05,8.363580e-04,262144,8192,64
1.820507e-03,1.679035e-03,5.510100e-05,3.459023e-03,1048576,8192,64
2.812950e-03,3.268017e-03,1.189450e-04,6.872525e-03,2097152,8192,64
5.630407e-03,6.373182e-03,4.469110e-04,1.416940e-02,4194304,8192,64
1.080679e-02,1.280973e-02,3.905449e-03,2.672855e-02,8388608,8192,64
2.147396e-02,2.490828e-02,1.117461e-02,5.327568e-02,16777216,8192,64
4.344026e-02,4.991706e-02,2.702883e-02,1.062371e-01,33554432,8192,64
2.181000e-05,1.342000e-06,2.809519e-02,6.900000e-08,16,8192,256
2.125900e-05,1.536000e-06,3.072658e-02,2.030000e-07,64,8192,256
2.137800e-05,1.440000e-06,5.128406e-02,3.200000e-07,128,8192,256
2.269500e-05,1.354000e-06,2.270379e-02,1.164000e-06,512,8192,256
4.710700e-05,1.336000e-06,3.052770e-02,2.309000e-06,1024,8192,256
2.504000e-05,1.381000e-06,3.933642e-02,5.578000e-06,2048,8192,256
2.939300e-05,1.274000e-06,2.544773e-02,1.169800e-05,4096,8192,256
9.446700e-05,1.321000e-06,2.757323e-02,9.964900e-05,32768,8192,256
5.538390e-04,1.362000e-06,2.499026e-02,8.332270e-04,262144,8192,256
1.491183e-03,1.672267e-03,9.121700e-05,3.391339e-03,1048576,8192,256
2.846593e-03,3.194347e-03,9.238600e-05,6.797874e-03,2097152,8192,256
5.631140e-03,6.930334e-03,1.629090e-04,1.378888e-02,4194304,8192,256
1.089526e-02,1.235699e-02,4.140190e-04,2.689226e-02,8388608,8192,256
2.156742e-02,2.481781e-02,1.592119e-03,5.335464e-02,16777216,8192,256
4.291557e-02,5.002213e-02,1.482621e-02,1.057175e-01,33554432,8192,256
2.517300e-05,1.588000e-06,3.851132e-02,7.100000e-08,16,8192,1024
2.208100e-05,1.394000e-06,3.911330e-02,1.720000e-07,64,8192,1024
2.726400e-05,1.379000e-06,3.025758e-02,3.130000e-07,128,8192,1024
2.374100e-05,1.392000e-06,2.617282e-02,1.256000e-06,512,8192,1024
2.324300e-05,1.971500e-05,2.492310e-02,2.213000e-06,1024,8192,1024
2.923100e-05,1.134000e-06,2.733931e-02,5.239000e-06,2048,8192,1024
3.342300e-05,1.315000e-06,2.828345e-02,1.172100e-05,4096,8192,1024
9.771100e-05,1.349000e-06,4.127236e-02,1.005990e-04,32768,8192,1024
5.499370e-04,1.437000e-06,4.677376e-02,8.145500e-04,262144,8192,1024
1.493696e-03,1.421000e-06,2.838046e-02,3.410581e-03,1048576,8192,1024
2.862721e-03,1.458000e-06,6.354408e-02,7.335062e-03,2097152,8192,1024
5.443483e-03,1.720000e-06,2.448774e-02,1.358490e-02,4194304,8192,1024
1.120649e-02,1.282294e-02,4.455600e-04,2.710516e-02,8388608,8192,1024
2.143728e-02,2.455674e-02,6.196050e-04,5.265219e-02,16777216,8192,1024
4.252741e-02,4.904558e-02,2.685907e-03,1.119137e-01,33554432,8192,1024
2.482200e-05,1.210100e-05,1.073000e-04,8.200000e-08,16,32768,1
2.189500e-05,1.203000e-05,1.024870e-04,1.700000e-07,64,32768,1
2.205000e-05,1.201400e-05,1.020810e-04,2.900000e-07,128,32768,1
2.563500e-05,1.228900e-05,7.962800e-05,1.128000e-06,512,32768,1
2.350000e-05,1.280000e-05,7.913000e-05,2.190000e-06,1024,32768,1
2.557400e-05,1.602400e-05,8.037800e-05,5.648000e-06,2048,32768,1
3.292600e-05,2.008100e-05,7.926100e-05,1.180500e-05,4096,32768,1
9.059700e-05,7.896400e-05,8.067200e-05,1.022180e-04,32768,32768,1
5.083180e-04,5.503560e-04,1.543330e-04,8.340910e-04,262144,32768,1
1.494235e-03,1.689768e-03,4.046260e-04,3.508469e-03,1048576,32768,1
2.807823e-03,3.209757e-03,7.612930e-04,6.879846e-03,2097152,32768,1
5.508009e-03,6.425595e-03,1.537232e-03,1.376273e-02,4194304,32768,1
1.096846e-02,1.232950e-02,3.422697e-03,2.710424e-02,8388608,32768,1
2.154525e-02,2.509114e-02,5.793971e-03,5.551316e-02,16777216,32768,1
4.400414e-02,4.986787e-02,1.199444e-02,1.049216e-01,33554432,32768,1
2.458600e-05,1.275800e-05,9.706900e-05,6.700000e-08,16,32768,4
2.295300e-05,1.285200e-05,9.663600e-05,1.730000e-07,64,32768,4
2.294600e-05,1.235100e-05,9.877900e-05,3.190000e-07,128,32768,4
2.573600e-05,1.299200e-05,1.017220e-04,1.145000e-06,512,32768,4
2.692000e-05,1.268600e-05,9.779700e-05,2.256000e-06,1024,32768,4
2.876600e-05,1.539000e-05,8.885300e-05,5.486000e-06,2048,32768,4
3.014700e-05,2.052900e-05,8.886200e-05,1.179600e-05,4096,32768,4
9.422800e-05,7.874800e-05,8.941900e-05,1.028280e-04,32768,32768,4
5.545050e-04,5.502050e-04,9.927900e-05,8.336960e-04,262144,32768,4
1.517268e-03,1.689818e-03,1.602000e-04,3.486032e-03,1048576,32768,4
2.809991e-03,3.224830e-03,2.704390e-04,6.807151e-03,2097152,32768,4
5.479706e-03,6.394263e-03,8.956150e-04,1.413782e-02,4194304,32768,4
1.086877e-02,1.238036e-02,1.757693e-03,2.742443e-02,8388608,32768,4
2.143962e-02,2.455685e-02,3.502167e-03,5.373796e-02,16777216,32768,4
4.258502e-02,4.847643e-02,7.904359e-03,1.060749e-01,33554432,32768,4
2.129700e-05,1.204000e-05,8.781000e-05,7.200000e-08,16,32768,16
2.495400e-05,1.162600e-05,8.516400e-05,1.810000e-07,64,32768,16
1.417780e-04,1.190500e-05,8.582800e-05,3.230000e-07,128,32768,16
2.644300e-05,1.234800e-05,8.674900e-05,1.169000e-06,512,32768,16
2.645200e-05,1.226200e-05,8.695600e-05,2.261000e-06,1024,32768,16
2.853500e-05,1.575400e-05,8.893000e-05,5.279000e-06,2048,32768,16
2.952000e-05,2.030800e-05,8.760700e-05,1.171000e-05,4096,32768,16
9.177600e-05,7.988800e-05,8.716900e-05,1.023130e-04,32768,32768,16
5.142100e-04,5.466160e-04,9.029300e-05,8.287740e-04,262144,32768,16
1.494897e-03,1.680099e-03,1.109130e-04,3.381031e-03,1048576,32768,16
2.808586e-03,3.220713e-03,1.280530e-04,6.939178e-03,2097152,32768,16
5.476247e-03,6.379611e-03,3.909890e-04,1.354697e-02,4194304,32768,16
1.084425e-02,1.260644e-02,9.886460e-04,2.746742e-02,8388608,32768,16
2.150879e-02,2.529674e-02,4.105288e-03,5.451118e-02,16777216,32768,16
4.274957e-02,4.889407e-02,6.983239e-03,1.084134e-01,33554432,32768,16
2.127100e-05,1.345000e-06,3.514685e-02,6.800000e-08,16,32768,64
2.589300e-05,2.427300e-05,4.699473e-02,1.850000e-07,64,32768,64
2.650700e-05,1.284000e-06,3.568101e-02,3.100000e-07,128,32768,64
5.933800e-05,1.426000e-06,4.069855e-02,1.153000e-06,512,32768,64
2.376400e-05,1.068000e-06,2.294160e-02,2.283000e-06,1024,32768,64
2.935200e-05,1.394000e-06,3.211140e-02,5.324000e-06,2048,32768,64
3.360600e-05,1.422000e-06,4.633979e-02,1.160000e-05,4096,32768,64
9.037800e-05,1.329000e-06,3.435768e-02,1.018500e-04,32768,32768,64
5.101670e-04,1.418000e-06,2.935402e-02,8.333940e-04,262144,32768,64
1.490658e-03,1.733750e-03,9.361700e-05,3.415947e-03,1048576,32768,64
2.809307e-03,3.248251e-03,9.416300e-05,6.812011e-03,2097152,32768,64
5.479702e-03,6.311329e-03,1.612370e-04,1.338010e-02,4194304,32768,64
1.089275e-02,1.269285e-02,4.268980e-04,2.713286e-02,8388608,32768,64
2.163340e-02,2.529375e-02,1.631135e-03,5.698310e-02,16777216,32768,64
4.252322e-02,4.841937e-02,1.517623e-02,1.048756e-01,33554432,32768,64
2.295300e-05,1.326000e-06,4.329440e-02,6.700000e-08,16,32768,256
2.185100e-05,2.058000e-06,7.075747e-02,1.610000e-07,64,32768,256
2.258100e-05,1.361000e-06,2.972615e-02,3.510000e-07,128,32768,256
2.368300e-05,1.353000e-06,7.274656e-02,1.177000e-06,512,32768,256
2.728300e-05,2.492800e-05,2.245272e-02,2.190000e-06,1024,32768,256
2.319050e-04,1.339000e-06,3.237282e-02,5.411000e-06,2048,32768,256
3.249500e-05,1.387000e-06,3.493150e-02,1.168000e-05,4096,32768,256
9.374700e-05,1.340000e-06,4.318141e-02,1.006670e-04,32768,32768,256
5.111510e-04,1.329000e-06,5.973604e-02,8.317970e-04,262144,32768,256
1.490122e-03,1.406000e-06,3.634964e-02,3.412346e-03,1048576,32768,256
2.803981e-03,1.525000e-06,2.429035e-02,6.881662e-03,2097152,32768,256
5.446567e-03,1.530000e-06,2.860786e-02,1.387148e-02,4194304,32768,256
1.112659e-02,1.234109e-02,3.221250e-04,2.739791e-02,8388608,32768,256
2.140226e-02,2.537046e-02,6.072660e-04,5.467029e-02,16777216,32768,256
4.254483e-02,4.996128e-02,1.639360e-03,1.062136e-01,33554432,32768,256
2.412500e-05,3.218000e-06,3.443808e-02,6.700000e-08,16,32768,1024
2.331600e-05,1.398000e-06,9.489575e-02,1.730000e-07,64,32768,1024
2.466200e-05,1.336000e-06,2.782057e-02,3.240000e-07,128,32768,1024
2.799100e-05,1.391000e-06,4.530127e-02,1.147000e-06,512,32768,1024
2.291600e-05,2.212200e-05,5.359576e-02,2.200000e-06,1024,32768,1024
2.879000e-05,1.349000e-06,2.545379e-02,5.613000e-06,2048,32768,1024
2.892300e-05,1.392000e-06,3.564150e-02,1.177900e-05,4096,32768,1024
1.970090e-04,3.821000e-06,4.118987e-02,1.033060e-04,32768,32768,1024
5.136830e-04,3.382000e-06,2.404393e-02,8.833940e-04,262144,32768,1024
1.494238e-03,2.300000e-06,6.155803e-02,3.505221e-03,1048576,32768,1024
2.942566e-03,1.579000e-06,3.016847e-02,6.915930e-03,2097152,32768,1024
5.444185e-03,1.485000e-06,2.535459e-02,1.410168e-02,4194304,32768,1024
1.085828e-02,2.431100e-05,4.083780e-02,2.776911e-02,8388608,32768,1024
2.143427e-02,1.314000e-06,3.338821e-02,5.606500e-02,16777216,32768,1024
4.273625e-02,5.063039e-02,1.470171e-03,1.086394e-01,33554432,32768,1024
